timestamp,twitter.com,www.amazon.com,www.apple.com,www.facebook.com,www.friendster.com,www.geocities.com,www.google.com,www.microsoft.com,www.myspace.com,www.netflix.com,www.reddit.com,www.wikipedia.org,www.youtube.com
18-02-2025,96.09967919,94.57853678,95.11057903,94.05824726,94.21710485,95.56677621,92.95375587,95.08805947,95.53689358,5.063208138,95.54588419,93.16567293,95.55952269
19-02-2025,96.21343056,94.72752083,95.2770625,94.31354167,94.35220139,95.72375,93.39555556,95.28040972,95.70984722,5.265840278,95.71531944,93.36376389,95.74516667
20-02-2025,96.17809722,94.78744444,95.28825,94.28213889,94.35513194,95.69149306,93.38553472,95.20190278,95.72767361,5.211590278,95.76177778,93.33578472,95.74848611
21-02-2025,96.15101389,94.8219375,95.29091667,94.30442361,94.33741667,95.71615972,93.35522222,95.23411111,95.73793056,5.232277778,95.74707639,93.39570139,95.74453472
22-02-2025,96.2281875,94.79259028,95.3086875,94.31730556,94.29224306,95.69152778,93.3630625,95.23385417,95.73408333,5.250166667,95.75854861,93.36575,95.730375
23-02-2025,96.221625,94.82000694,95.23068056,94.29384028,94.26766667,95.77591667,93.39719444,95.28396528,95.71192361,5.226055556,95.74415278,93.4139375,95.71263889
24-02-2025,96.23778472,94.7410625,95.26726389,94.32490278,94.32535041,95.78054167,93.36590972,95.23347222,95.72561111,5.2096875,95.72645139,93.33961111,95.70229861
25-02-2025,96.25461111,94.79665972,95.26334722,94.34789583,99.9,95.75010417,93.38238889,95.20078472,95.7491875,5.2511875,95.70452083,93.40349306,95.76942361
26-02-2025,96.20308333,94.80070833,95.27014583,94.264125,99.9,95.72229167,93.35790278,95.29430556,95.7371875,5.218263889,95.73852778,93.39694444,95.71265278
27-02-2025,96.223375,94.76400694,95.21967361,94.30784722,99.9,95.75475694,93.35083333,95.25622222,95.72105556,5.160458333,95.72280556,93.38440972,95.72201389
28-02-2025,96.19676389,94.77474306,95.28161111,94.33782639,99.9,95.75611806,93.38928472,95.23663889,95.74102778,5.226104167,95.73024306,93.32381944,95.72803472
01-03-2025,96.22070139,94.80360417,95.29320833,94.3271875,99.9,95.743125,93.38254861,95.22344444,95.72522917,5.206868056,95.76854861,93.346,95.72864583
02-03-2025,96.25163889,94.82550694,95.27797917,94.27498611,99.9,95.75602083,93.37479167,95.24969444,95.74245833,5.212673611,95.74604861,93.39049306,95.72343056
03-03-2025,96.21747222,94.78377083,95.29598611,94.322,99.9,95.73049306,93.33499306,95.29215972,95.72128472,5.240715278,95.75153472,93.30246528,95.70554861
04-03-2025,96.1716875,94.79365972,95.24265278,94.29611111,99.9,95.74284028,93.37020833,95.30563194,95.74418056,5.211576389,95.73729167,93.35148611,95.75715972
05-03-2025,96.21097917,94.76457639,95.29686806,94.30469444,99.9,95.75695139,93.37485417,95.317125,95.74763194,5.181777778,95.76284028,93.35566667,95.67724306
06-03-2025,96.24503472,94.77915972,95.25372222,94.28016667,99.9,95.73063889,93.3130625,95.26113889,95.72821528,5.181784722,95.71876389,93.39411806,95.73825
07-03-2025,96.18820139,94.78022222,95.22570139,94.24404167,99.9,95.7534375,93.33327083,95.25644444,95.73154167,5.249986111,95.74438889,93.35772222,95.72315278
08-03-2025,96.17511806,94.75870139,95.35243056,94.3120625,99.9,95.70202778,93.36061806,95.26981944,95.70294444,5.241673611,95.72366667,93.36879167,95.76463194
09-03-2025,96.230125,94.77722917,95.27619444,94.31810417,99.9,95.70774306,93.40773611,95.3020625,95.77030556,5.237541667,95.72763889,93.37961111,95.77843056
10-03-2025,96.22433333,94.74922222,95.25969444,94.34370139,99.9,95.71781944,93.37175694,95.25398611,95.71845833,5.241375,95.74365972,93.28565278,95.72498611
11-03-2025,96.19311111,94.75178472,95.27261806,94.2875625,99.9,95.71563889,93.362625,95.27220833,95.72581944,5.186201389,95.73675,93.3474375,95.738875
12-03-2025,96.21677083,94.76528472,95.25934028,94.32385417,99.9,95.69559028,93.36534028,95.28852083,95.74617361,5.231534722,95.72246528,93.39036806,95.80595139
13-03-2025,96.19148611,94.8015,95.21838889,94.31489583,99.9,95.77158333,93.35813889,95.26865278,95.75988194,5.228444444,95.73228472,93.34929861,95.72563889
14-03-2025,96.17106944,94.76858333,95.22723611,94.32241667,99.9,95.74259722,93.39285417,95.25299306,95.78102778,5.217611111,95.69797222,93.383,95.78699306
15-03-2025,96.21965972,94.76713194,95.28764583,94.29498611,99.9,95.78079861,93.36531944,95.24073611,95.7226875,5.212430556,95.73259722,93.39099306,95.71119444
16-03-2025,96.15819444,94.80498611,95.23513194,94.29427778,99.9,95.75159028,93.37878472,95.22664583,95.73423611,5.192486111,95.71625,93.34453472,95.74621528
17-03-2025,96.1641875,94.76745139,95.23161806,94.30976389,99.9,95.72000694,93.36965972,95.26825,95.77310417,5.190493056,95.76621528,93.373,95.74439583
18-03-2025,96.22242361,94.75772917,95.27401389,94.36076389,99.9,95.7360625,93.34965972,95.2389375,95.76734722,5.228180556,95.69968056,93.38756944,95.72604861
19-03-2025,96.18229861,94.80606944,95.27302778,94.34251389,99.9,95.71648611,93.38535417,95.23253472,95.73684722,5.220909722,95.72741667,93.36804861,95.77709722
20-03-2025,96.20580556,94.79852083,95.30657639,94.28129167,99.9,95.72080556,93.35266667,95.30665972,95.73015972,5.224020833,95.72006944,93.376875,95.82215972
21-03-2025,96.22724306,94.78209722,95.24895139,94.34795833,99.9,95.74477778,93.39154167,95.263,95.71425,5.243583333,95.697625,93.36340278,95.746625
22-03-2025,96.22817361,94.78034028,95.24931944,94.33568056,99.9,95.73740278,93.3974375,95.26450694,95.75935417,5.211923611,95.69557639,93.40576389,95.68433333
23-03-2025,96.26014583,94.73395139,95.26461806,94.29622222,99.9,95.73214583,93.37128472,95.23657639,95.77259722,5.192305556,95.74640972,93.37390278,95.71594444
24-03-2025,96.19871528,94.7494375,95.2670625,94.29054861,99.9,95.72559722,93.34034722,95.27770833,95.77114583,5.17625,95.7175,93.36204861,95.75007639
25-03-2025,96.188125,94.81489583,95.24113194,94.31732639,99.9,95.7645625,93.38560417,95.28770139,95.71744444,5.212409722,95.76130556,93.3299375,95.72572222
26-03-2025,96.187375,94.76861806,95.2619375,94.30640278,99.9,95.74401389,93.32669444,95.299375,95.70142361,5.175861111,95.724625,93.36772917,95.70869444
27-03-2025,96.19482639,94.83835417,95.28315972,94.277,99.9,95.70975,93.29606944,95.235375,95.71597222,5.237722222,95.67177778,93.37394444,95.74933333
28-03-2025,96.20208333,94.77835417,95.25427083,94.29813889,99.9,95.74444444,93.35785417,95.27469444,95.71609722,5.223388889,95.72140972,93.35261806,95.72556944
29-03-2025,96.22552778,94.75729861,95.25746528,94.33628472,99.9,95.70795139,93.31207639,95.248875,95.78798611,5.207236111,95.69980556,93.33082639,95.71279861
30-03-2025,96.17925694,94.78033333,95.23690972,94.34419444,99.9,95.75,93.3774375,95.26088889,95.73164583,5.213555556,95.74877083,93.36055556,95.72234722
31-03-2025,96.16777083,94.73495833,95.27479861,94.31415278,99.9,95.72099306,93.40059028,95.23911111,95.72969444,5.2604375,95.74490278,93.37794444,95.71595833
01-04-2025,96.19219444,94.77813194,95.29029861,94.28817361,99.9,95.70288194,93.37434028,95.25083333,95.75032639,5.238708333,95.71851389,93.35170139,95.73026389
02-04-2025,96.13861111,94.79168056,95.27735417,94.3285625,99.9,95.72617361,93.355125,95.30147222,95.76810417,5.184034722,95.73707639,93.40414583,95.74136806
03-04-2025,96.19728472,94.76123611,95.28285417,94.31163194,99.9,95.71659722,93.38204861,95.26141667,95.70999306,5.221402778,95.70363194,93.33928472,95.7243125
04-04-2025,96.19947222,94.77895139,95.24551389,94.28972917,99.9,95.76213889,93.42986111,95.2181875,95.75106944,5.232451389,95.7845,93.37661806,95.71571528
05-04-2025,96.21690972,94.76390278,95.24761806,94.33489583,99.9,95.79500694,93.39179861,95.2823125,95.71368056,5.229006944,95.75909722,93.40255556,95.75042361
06-04-2025,96.18861111,94.79252083,95.22374306,94.31015972,99.9,95.76190278,93.40702083,95.272625,95.70989583,5.216402778,95.71631944,93.38072917,95.71155556
07-04-2025,96.25777083,94.79477778,95.30340278,94.3400625,99.9,95.68713194,93.37374306,95.29658333,95.687,5.225152778,95.79027083,93.36947222,95.7321875
08-04-2025,96.2249375,94.80039583,95.30288889,94.33069444,99.9,95.77858333,93.37204167,95.26789583,95.70640972,5.214708333,95.73661806,93.32315972,95.73627083
09-04-2025,96.20854861,94.81329167,95.20627778,94.28229861,99.9,95.75146528,93.38013889,95.23713194,95.72303472,5.179805556,95.74410417,93.36888889,95.75443056
10-04-2025,96.21071528,94.79493056,95.27324306,94.34022222,99.9,95.73965972,93.38811111,95.28317361,95.70242361,5.208548611,95.7539375,93.32695833,95.76915278
11-04-2025,96.20346528,94.83381944,95.27064583,94.30656944,99.9,95.72625,93.39238194,95.29017361,95.727625,5.201083333,95.75286111,93.36100694,95.72813889
12-04-2025,96.23671528,94.77340972,95.24229861,94.29577778,99.9,95.70302083,93.3915,95.25700694,95.74402778,5.255555556,95.73684722,93.38147222,95.75749306
13-04-2025,96.21911806,94.72000694,95.24653472,94.29988889,99.9,95.71240972,93.34849306,95.30359028,95.71809028,5.221402778,95.74490278,93.39534722,95.70766667
14-04-2025,96.23421528,94.77038889,95.26770833,94.32630556,99.9,95.74288194,93.32245139,95.24674306,95.74661111,5.242243056,95.73734028,93.37240972,95.65020139
15-04-2025,96.17397917,94.73708333,95.24113889,94.32335417,99.9,95.70058333,93.31196528,95.23127778,95.73886806,5.204097222,95.73146528,93.343875,95.74834722
16-04-2025,96.18469444,94.76872222,95.26802778,94.26857639,99.9,95.70845833,93.39997917,95.29049306,95.73815278,5.198381944,95.77380556,93.36482639,95.7265
17-04-2025,96.1935,94.74690278,95.30111806,94.31960417,99.9,95.76272222,93.40180556,95.27402083,95.72222222,5.174145833,95.72126389,93.33997917,95.75036111
18-04-2025,96.21747917,94.78549306,95.21884028,94.28181944,99.9,95.69840972,93.38869444,95.23466667,95.73438194,5.265048611,95.72479861,93.38161806,95.74793056
19-04-2025,96.14593583,94.79620321,95.20638503,94.30173262,99.9,95.80315508,93.35590374,95.27546524,95.71709091,5.233893048,95.73722995,93.32068449,95.70754011
