day,twitter.com,www.amazon.com,www.apple.com,www.facebook.com,www.friendster.com,www.geocities.com,www.google.com,www.microsoft.com,www.myspace.com,www.netflix.com,www.reddit.com,www.wikipedia.org,www.youtube.com
2025-02-18,96.09967918622849,94.57853677621283,95.11057902973397,94.05824726134585,94.2171048513302,95.56677621283255,92.95375586854459,95.08805946791861,95.53689358372456,5.06320813771518,95.5458841940532,93.16567292644757,95.5595226917058
2025-02-19,96.21343055555555,94.72752083333333,95.2770625,94.31354166666667,94.3522013888889,95.72375000000001,93.39555555555556,95.28040972222223,95.70984722222222,5.265840277777778,95.71531944444445,93.3637638888889,95.74516666666668
2025-02-20,96.17809722222222,94.78744444444445,95.28824999999999,94.2821388888889,94.35513194444445,95.69149305555555,93.38553472222223,95.20190277777778,95.72767361111111,5.211590277777778,95.76177777777777,93.33578472222221,95.74848611111112
2025-02-21,96.15101388888888,94.8219375,95.29091666666667,94.3044236111111,94.33741666666667,95.71615972222222,93.35522222222221,95.2341111111111,95.73793055555555,5.232277777777777,95.7470763888889,93.39570138888888,95.74453472222223
2025-02-22,96.2281875,94.79259027777776,95.3086875,94.31730555555556,94.29224305555555,95.69152777777776,93.3630625,95.23385416666666,95.73408333333333,5.250166666666667,95.75854861111111,93.36574999999999,95.730375
2025-02-23,96.221625,94.82000694444444,95.23068055555555,94.29384027777778,94.26766666666667,95.77591666666667,93.39719444444444,95.28396527777778,95.71192361111112,5.226055555555556,95.74415277777777,93.4139375,95.7126388888889
2025-02-24,96.23778472222223,94.7410625,95.26726388888888,94.32490277777777,94.32535041446873,95.78054166666668,93.36590972222223,95.23347222222223,95.72561111111112,5.2096875,95.72645138888889,93.33961111111111,95.7022986111111
2025-02-25,96.25461111111112,94.79665972222223,95.26334722222222,94.34789583333334,,95.75010416666666,93.3823888888889,95.20078472222222,95.74918749999999,5.2511875,95.70452083333333,93.40349305555556,95.76942361111111
2025-02-26,96.20308333333334,94.80070833333333,95.27014583333334,94.26412499999999,,95.72229166666668,93.35790277777778,95.29430555555555,95.73718749999999,5.218263888888889,95.73852777777779,93.39694444444444,95.71265277777778
2025-02-27,96.223375,94.76400694444445,95.2196736111111,94.30784722222221,,95.75475694444445,93.35083333333334,95.25622222222222,95.72105555555557,5.160458333333334,95.72280555555555,93.38440972222222,95.7220138888889
2025-02-28,96.19676388888888,94.77474305555556,95.2816111111111,94.33782638888889,,95.75611805555556,93.38928472222223,95.23663888888889,95.74102777777777,5.2261041666666666,95.73024305555555,93.32381944444444,95.72803472222222
2025-03-01,96.22070138888888,94.80360416666667,95.29320833333334,94.3271875,,95.743125,93.3825486111111,95.22344444444445,95.72522916666665,5.206868055555556,95.7685486111111,93.34599999999999,95.72864583333333
2025-03-02,96.25163888888888,94.82550694444446,95.27797916666667,94.27498611111112,,95.75602083333334,93.37479166666668,95.24969444444444,95.74245833333335,5.212673611111111,95.7460486111111,93.39049305555555,95.72343055555555
2025-03-03,96.21747222222223,94.78377083333334,95.2959861111111,94.32199999999999,,95.73049305555556,93.33499305555557,95.29215972222222,95.72128472222222,5.2407152777777775,95.75153472222222,93.30246527777777,95.7055486111111
2025-03-04,96.1716875,94.79365972222222,95.24265277777779,94.2961111111111,,95.74284027777777,93.37020833333334,95.30563194444443,95.74418055555556,5.211576388888889,95.73729166666668,93.35148611111111,95.75715972222223
2025-03-05,96.21097916666666,94.76457638888888,95.29686805555555,94.30469444444445,,95.7569513888889,93.37485416666667,95.317125,95.74763194444444,5.181777777777778,95.76284027777777,93.35566666666666,95.67724305555556
2025-03-06,96.24503472222223,94.77915972222222,95.25372222222221,94.28016666666667,,95.73063888888889,93.3130625,95.2611388888889,95.72821527777778,5.181784722222223,95.71876388888889,93.39411805555555,95.73825
2025-03-07,96.1882013888889,94.78022222222222,95.2257013888889,94.24404166666667,,95.7534375,93.33327083333333,95.25644444444444,95.73154166666667,5.249986111111111,95.74438888888889,93.35772222222222,95.72315277777777
2025-03-08,96.17511805555556,94.7587013888889,95.35243055555556,94.3120625,,95.70202777777779,93.36061805555556,95.26981944444445,95.70294444444444,5.2416736111111115,95.72366666666666,93.36879166666667,95.76463194444445
2025-03-09,96.230125,94.77722916666666,95.27619444444444,94.31810416666667,,95.70774305555555,93.40773611111112,95.3020625,95.77030555555555,5.237541666666667,95.72763888888888,93.37961111111112,95.77843055555556
2025-03-10,96.22433333333333,94.74922222222223,95.25969444444443,94.34370138888889,,95.71781944444444,93.37175694444444,95.2539861111111,95.71845833333333,5.241375,95.74365972222222,93.28565277777777,95.72498611111112
2025-03-11,96.19311111111111,94.75178472222223,95.27261805555555,94.28756249999999,,95.71563888888888,93.362625,95.27220833333334,95.72581944444444,5.186201388888889,95.73675000000001,93.3474375,95.73887500000001
2025-03-12,96.21677083333333,94.76528472222223,95.25934027777778,94.32385416666668,,95.69559027777777,93.36534027777778,95.28852083333334,95.7461736111111,5.231534722222222,95.72246527777779,93.39036805555556,95.8059513888889
2025-03-13,96.1914861111111,94.8015,95.2183888888889,94.31489583333334,,95.77158333333333,93.35813888888889,95.26865277777777,95.75988194444446,5.2284444444444444,95.73228472222222,93.34929861111111,95.7256388888889
2025-03-14,96.17106944444444,94.76858333333334,95.22723611111111,94.32241666666667,,95.74259722222222,93.39285416666667,95.25299305555555,95.78102777777778,5.217611111111111,95.69797222222222,93.383,95.78699305555554
2025-03-15,96.21965972222222,94.76713194444446,95.28764583333333,94.29498611111111,,95.78079861111111,93.36531944444444,95.24073611111112,95.7226875,5.212430555555556,95.73259722222222,93.39099305555555,95.71119444444444
2025-03-16,96.15819444444443,94.8049861111111,95.23513194444445,94.29427777777778,,95.75159027777778,93.37878472222224,95.22664583333334,95.7342361111111,5.192486111111111,95.71625,93.34453472222222,95.74621527777776
2025-03-17,96.1641875,94.76745138888889,95.23161805555556,94.30976388888888,,95.72000694444445,93.36965972222222,95.26825,95.77310416666666,5.190493055555556,95.76621527777777,93.37299999999999,95.74439583333333
2025-03-18,96.22242361111111,94.75772916666666,95.27401388888887,94.36076388888888,,95.73606249999999,93.34965972222223,95.2389375,95.76734722222223,5.228180555555555,95.69968055555556,93.38756944444445,95.72604861111111
2025-03-19,96.18229861111112,94.80606944444443,95.27302777777778,94.34251388888889,,95.71648611111111,93.38535416666667,95.23253472222223,95.73684722222222,5.220909722222222,95.72741666666667,93.3680486111111,95.77709722222221
2025-03-20,96.20580555555554,94.79852083333333,95.30657638888889,94.28129166666666,,95.72080555555554,93.35266666666666,95.30665972222222,95.73015972222221,5.224020833333333,95.72006944444443,93.37687500000001,95.82215972222222
2025-03-21,96.22724305555556,94.78209722222222,95.24895138888888,94.34795833333334,,95.74477777777778,93.39154166666667,95.263,95.71424999999999,5.2435833333333335,95.69762499999999,93.36340277777776,95.74662500000001
2025-03-22,96.22817361111112,94.78034027777778,95.24931944444444,94.33568055555556,,95.73740277777777,93.3974375,95.26450694444445,95.75935416666667,5.211923611111112,95.6955763888889,93.40576388888888,95.68433333333334
2025-03-23,96.26014583333333,94.7339513888889,95.26461805555554,94.29622222222223,,95.73214583333333,93.37128472222221,95.23657638888889,95.77259722222223,5.1923055555555555,95.74640972222221,93.37390277777779,95.71594444444443
2025-03-24,96.19871527777778,94.7494375,95.26706250000001,94.29054861111112,,95.7255972222222,93.34034722222222,95.27770833333332,95.77114583333334,5.1762500000000005,95.7175,93.36204861111112,95.75007638888889
2025-03-25,96.188125,94.81489583333334,95.24113194444445,94.3173263888889,,95.7645625,93.38560416666665,95.28770138888889,95.71744444444444,5.2124097222222225,95.76130555555555,93.32993749999999,95.72572222222223
2025-03-26,96.187375,94.76861805555555,95.2619375,94.30640277777778,,95.74401388888889,93.32669444444444,95.299375,95.7014236111111,5.175861111111111,95.72462499999999,93.36772916666666,95.70869444444443
2025-03-27,96.19482638888888,94.83835416666668,95.28315972222222,94.277,,95.70975,93.29606944444444,95.235375,95.71597222222222,5.237722222222222,95.67177777777776,93.37394444444445,95.74933333333334
2025-03-28,96.20208333333333,94.77835416666666,95.25427083333332,94.2981388888889,,95.74444444444444,93.35785416666667,95.27469444444445,95.71609722222222,5.2233888888888895,95.72140972222222,93.35261805555555,95.72556944444445
2025-03-29,96.22552777777778,94.75729861111111,95.25746527777778,94.33628472222222,,95.7079513888889,93.3120763888889,95.248875,95.78798611111112,5.207236111111111,95.69980555555556,93.3308263888889,95.71279861111111
2025-03-30,96.17925694444445,94.78033333333333,95.23690972222222,94.34419444444445,,95.75,93.37743750000001,95.26088888888889,95.73164583333333,5.213555555555556,95.74877083333334,93.36055555555556,95.72234722222221
2025-03-31,96.16777083333334,94.73495833333332,95.27479861111111,94.31415277777778,,95.72099305555557,93.40059027777778,95.23911111111111,95.72969444444445,5.2604375,95.74490277777778,93.37794444444444,95.71595833333335
2025-04-01,96.19219444444445,94.77813194444445,95.29029861111111,94.2881736111111,,95.70288194444444,93.37434027777778,95.25083333333335,95.7503263888889,5.238708333333333,95.71851388888889,93.3517013888889,95.73026388888889
2025-04-02,96.13861111111112,94.79168055555554,95.27735416666668,94.3285625,,95.72617361111111,93.355125,95.30147222222222,95.76810416666667,5.184034722222222,95.7370763888889,93.40414583333333,95.74136805555555
2025-04-03,96.19728472222222,94.7612361111111,95.28285416666667,94.31163194444444,,95.71659722222222,93.3820486111111,95.26141666666666,95.70999305555557,5.221402777777778,95.70363194444445,93.33928472222223,95.72431250000001
2025-04-04,96.19947222222221,94.77895138888888,95.2455138888889,94.28972916666666,,95.7621388888889,93.42986111111111,95.2181875,95.75106944444445,5.232451388888888,95.7845,93.37661805555555,95.71571527777778
2025-04-05,96.21690972222223,94.76390277777777,95.24761805555556,94.33489583333333,,95.79500694444444,93.39179861111111,95.2823125,95.71368055555557,5.2290069444444445,95.75909722222222,93.40255555555555,95.7504236111111
2025-04-06,96.18861111111111,94.79252083333334,95.22374305555556,94.31015972222222,,95.76190277777779,93.40702083333332,95.27262499999999,95.70989583333333,5.216402777777778,95.71631944444445,93.38072916666667,95.71155555555556
2025-04-07,96.25777083333334,94.79477777777778,95.30340277777778,94.3400625,,95.68713194444445,93.37374305555555,95.29658333333333,95.687,5.225152777777778,95.79027083333332,93.36947222222223,95.73218750000001
2025-04-08,96.2249375,94.80039583333334,95.30288888888889,94.33069444444445,,95.77858333333333,93.37204166666666,95.26789583333333,95.70640972222223,5.214708333333333,95.73661805555557,93.32315972222223,95.73627083333334
2025-04-09,96.20854861111111,94.81329166666667,95.20627777777779,94.28229861111112,,95.75146527777777,93.38013888888888,95.23713194444444,95.72303472222224,5.179805555555555,95.74410416666667,93.3688888888889,95.75443055555556
2025-04-10,96.21071527777778,94.79493055555557,95.27324305555555,94.34022222222224,,95.73965972222221,93.38811111111112,95.28317361111111,95.7024236111111,5.2085486111111114,95.7539375,93.32695833333334,95.76915277777776
2025-04-11,96.20346527777777,94.83381944444446,95.27064583333335,94.30656944444443,,95.72625,93.39238194444444,95.29017361111111,95.727625,5.201083333333334,95.7528611111111,93.36100694444445,95.72813888888888
2025-04-12,96.23671527777778,94.77340972222221,95.24229861111111,94.29577777777779,,95.70302083333334,93.39150000000001,95.25700694444444,95.74402777777777,5.2555555555555555,95.73684722222222,93.38147222222223,95.75749305555556
2025-04-13,96.21911805555555,94.72000694444445,95.24653472222222,94.29988888888889,,95.71240972222222,93.34849305555555,95.30359027777779,95.71809027777778,5.221402777777778,95.74490277777778,93.39534722222221,95.70766666666667
2025-04-14,96.23421527777776,94.77038888888887,95.26770833333333,94.32630555555556,,95.74288194444445,93.32245138888888,95.24674305555556,95.74661111111111,5.242243055555556,95.73734027777778,93.37240972222222,95.65020138888889
2025-04-15,96.17397916666667,94.73708333333333,95.24113888888888,94.32335416666668,,95.70058333333333,93.31196527777779,95.23127777777778,95.73886805555556,5.204097222222222,95.73146527777777,93.343875,95.74834722222222
2025-04-16,96.18469444444443,94.76872222222222,95.26802777777777,94.26857638888889,,95.70845833333333,93.39997916666667,95.29049305555556,95.73815277777778,5.198381944444445,95.77380555555555,93.36482638888889,95.7265
2025-04-17,96.19350000000001,94.74690277777778,95.30111805555555,94.31960416666668,,95.76272222222222,93.40180555555555,95.27402083333332,95.72222222222223,5.174145833333333,95.72126388888888,93.33997916666667,95.7503611111111
2025-04-18,96.21747916666668,94.78549305555555,95.21884027777779,94.28181944444445,,95.69840972222222,93.38869444444444,95.23466666666667,95.73438194444445,5.265048611111111,95.72479861111111,93.38161805555555,95.74793055555554
2025-04-19,96.145935828877,94.79620320855615,95.20638502673796,94.30173262032085,,95.8031550802139,93.35590374331551,95.27546524064171,95.7170909090909,5.233893048128341,95.73722994652407,93.32068449197861,95.70754010695188
